method,region,size,threads,mean,ci
seq_com,Full_Picture,16,1,0.00612471,0.008425910540039999
seq_com,Full_Picture,32,1,0.000539499,1.5015336168e-5
seq_com,Full_Picture,64,1,0.001149894,3.8539847304e-5
seq_com,Full_Picture,128,1,0.003508546,1.5816525368e-5
seq_com,Full_Picture,256,1,0.012743036,2.7473985616e-5
seq_com,Full_Picture,512,1,0.050525337,0.0007328194878479998
seq_com,Full_Picture,1024,1,0.199326212,0.00019533968776000004
seq_com,Full_Picture,2048,1,0.789867364,0.00309628006688
seq_com,Full_Picture,4096,1,3.11474006,0.015872715345760003
seq_com,Full_Picture,8192,1,12.282472375,0.016851552098500002
seq_com,Seahorse_Valley,16,1,0.000636676,6.551396039999999e-5
seq_com,Seahorse_Valley,32,1,0.001378691,1.3781395236000003e-5
seq_com,Seahorse_Valley,64,1,0.004512967,1.4152664511999998e-5
seq_com,Seahorse_Valley,128,1,0.017536644,0.000494954240256
seq_com,Seahorse_Valley,256,1,0.066891319,2.6221397048e-5
seq_com,Seahorse_Valley,512,1,0.266560916,0.000208983758144
seq_com,Seahorse_Valley,1024,1,1.056513372,0.004555685660063999
seq_com,Seahorse_Valley,2048,1,4.153890426,0.021982388134392003
seq_com,Seahorse_Valley,4096,1,16.34909212,0.022430954388640005
seq_com,Seahorse_Valley,8192,1,65.020021185,0.02548784830452
seq_com,Elephant_Valley,16,1,0.000590156,1.2955104512e-5
seq_com,Elephant_Valley,32,1,0.001340077,1.3132754600000001e-5
seq_com,Elephant_Valley,64,1,0.004604047,0.00011821351077200001
seq_com,Elephant_Valley,128,1,0.016204063,1.9055978088e-5
seq_com,Elephant_Valley,256,1,0.063440304,2.4868599168e-5
seq_com,Elephant_Valley,512,1,0.252719024,9.9065857408e-5
seq_com,Elephant_Valley,1024,1,0.993014757,0.003503356062696
seq_com,Elephant_Valley,2048,1,3.972525007,0.025694291745276005
seq_com,Elephant_Valley,4096,1,15.478850894,0.015169273876120002
seq_com,Elephant_Valley,8192,1,61.804373027,0.24227314226583999
seq_com,Triple_Spiral_Valley,16,1,0.000635402,1.369926712e-5
seq_com,Triple_Spiral_Valley,32,1,0.001514968,1.3955885215999999e-5
seq_com,Triple_Spiral_Valley,64,1,0.00506454,1.4889747599999999e-5
seq_com,Triple_Spiral_Valley,128,1,0.019252764,1.886770872e-5
seq_com,Triple_Spiral_Valley,256,1,0.075600823,2.9635522616e-5
seq_com,Triple_Spiral_Valley,512,1,0.301655198,0.000118248837616
seq_com,Triple_Spiral_Valley,1024,1,1.180257408,0.005320600395264
seq_com,Triple_Spiral_Valley,2048,1,4.691801042,0.025748604118496003
seq_com,Triple_Spiral_Valley,4096,1,18.44825553,0.02169514850328
seq_com,Triple_Spiral_Valley,8192,1,73.562513068,0.043254757683984
omp_com,Full_Picture,16,1,0.005338975,0.0091908746153
omp_com,Full_Picture,16,2,0.000593128,2.1390568191999998e-5
omp_com,Full_Picture,16,4,0.000625022,2.45008624e-5
omp_com,Full_Picture,16,8,0.000874757,0.00036947986166
omp_com,Full_Picture,16,16,0.000890009,2.8608449296e-5
omp_com,Full_Picture,16,32,0.001217381,5.2970682072000004e-5
omp_com,Full_Picture,32,1,0.000698623,2.1087236632e-5
omp_com,Full_Picture,32,2,0.000716005,2.2453916800000002e-5
omp_com,Full_Picture,32,4,0.000719924,2.7092179968e-5
omp_com,Full_Picture,32,8,0.0009768,0.0003065159328000001
omp_com,Full_Picture,32,16,0.001124629,0.00031256588871200004
omp_com,Full_Picture,32,32,0.001285803,3.4526382156e-5
omp_com,Full_Picture,64,1,0.001327429,8.559793163600001e-5
omp_com,Full_Picture,64,2,0.001084012,2.1246635200000003e-5
omp_com,Full_Picture,64,4,0.001224374,0.00012934776685599999
omp_com,Full_Picture,64,8,0.001342133,0.000445094251056
omp_com,Full_Picture,64,16,0.001248926,4.1369424824e-5
omp_com,Full_Picture,64,32,0.001578124,3.6498851872e-5
omp_com,Full_Picture,128,1,0.003556155,2.5092229680000004e-5
omp_com,Full_Picture,128,2,0.00261529,3.4343988280000004e-5
omp_com,Full_Picture,128,4,0.002554024,4.1048273727999994e-5
omp_com,Full_Picture,128,8,0.0028064,0.00036798639360000003
omp_com,Full_Picture,128,16,0.002346545,5.611058404e-5
omp_com,Full_Picture,128,32,0.002697056,3.4889116416000006e-5
omp_com,Full_Picture,256,1,0.012664229,0.000143966955272
omp_com,Full_Picture,256,2,0.008549883,2.6812433088e-5
omp_com,Full_Picture,256,4,0.008625747,0.00030431635416
omp_com,Full_Picture,256,8,0.007924317,0.00017861410518000003
omp_com,Full_Picture,256,16,0.00652549,0.00013813157232
omp_com,Full_Picture,256,32,0.006628977,0.00017540273142000002
omp_com,Full_Picture,512,1,0.048917548,3.8351357631999996e-5
omp_com,Full_Picture,512,2,0.032760996,0.00051369241728
omp_com,Full_Picture,512,4,0.031242791,1.8370761107999998e-5
omp_com,Full_Picture,512,8,0.028928642,2.2680055328e-5
omp_com,Full_Picture,512,16,0.023172689,0.00036334776351999997
omp_com,Full_Picture,512,32,0.021364721,0.000561123032344
omp_com,Full_Picture,1024,1,0.20739211,0.01016221339
omp_com,Full_Picture,1024,2,0.128203969,0.0034676609535119994
omp_com,Full_Picture,1024,4,0.122596998,0.0006247543018080001
omp_com,Full_Picture,1024,8,0.109573297,0.001095294676812
omp_com,Full_Picture,1024,16,0.089009401,0.00157012583364
omp_com,Full_Picture,1024,32,0.077954483,0.0006417213040559999
omp_com,Full_Picture,2048,1,0.783407536,0.024874756083072002
omp_com,Full_Picture,2048,2,0.511500138,0.010526672840040002
omp_com,Full_Picture,2048,4,0.487666053,0.012043400844887999
omp_com,Full_Picture,2048,8,0.426989247,0.0031802159116560004
omp_com,Full_Picture,2048,16,0.340269336,0.004735188079776
omp_com,Full_Picture,2048,32,0.303820426,0.0035729282097599997
omp_com,Full_Picture,4096,1,3.043477395,0.03042260004042
omp_com,Full_Picture,4096,2,1.985092999,0.006225251644863999
omp_com,Full_Picture,4096,4,1.927157554,0.008687626253432001
omp_com,Full_Picture,4096,8,1.704807144,0.012697403608512
omp_com,Full_Picture,4096,16,1.364201856,0.011764876806144001
omp_com,Full_Picture,4096,32,1.203665208,0.006369796280736001
omp_com,Full_Picture,8192,1,11.908202671,0.037344123576255994
omp_com,Full_Picture,8192,2,8.006542855,0.08944909677605999
omp_com,Full_Picture,8192,4,7.55205218,0.026643640091039998
omp_com,Full_Picture,8192,8,6.704979475,0.0105134078168
omp_com,Full_Picture,8192,16,5.457775897,0.020324757440428002
omp_com,Full_Picture,8192,32,4.787599165,0.02158249703582
omp_com,Seahorse_Valley,16,1,0.000776948,3.2892870527999996e-5
omp_com,Seahorse_Valley,16,2,0.000706433,1.9938364992e-5
omp_com,Seahorse_Valley,16,4,0.000701301,2.611644924e-5
omp_com,Seahorse_Valley,16,8,0.000732073,2.6257994364000004e-5
omp_com,Seahorse_Valley,16,16,0.000938259,2.390683932e-5
omp_com,Seahorse_Valley,16,32,0.001295107,8.4782884648e-5
omp_com,Seahorse_Valley,32,1,0.001523372,1.8512016544e-5
omp_com,Seahorse_Valley,32,2,0.001285879,0.00020187785948399997
omp_com,Seahorse_Valley,32,4,0.00092109,2.202510408e-5
omp_com,Seahorse_Valley,32,8,0.001240481,0.00047508437530400003
omp_com,Seahorse_Valley,32,16,0.001107282,2.5392190823999997e-5
omp_com,Seahorse_Valley,32,32,0.001463236,4.8468229263999994e-5
omp_com,Seahorse_Valley,64,1,0.004645271,1.9119935436e-5
omp_com,Seahorse_Valley,64,2,0.003021703,5.744861743600001e-5
omp_com,Seahorse_Valley,64,4,0.002032321,5.5368553324000004e-5
omp_com,Seahorse_Valley,64,8,0.001725477,0.00032466575232
omp_com,Seahorse_Valley,64,16,0.001878713,8.027364906400001e-5
omp_com,Seahorse_Valley,64,32,0.002270372,0.00010101339102400001
omp_com,Seahorse_Valley,128,1,0.017033178,2.0031017328e-5
omp_com,Seahorse_Valley,128,2,0.010308526,1.8184239864e-5
omp_com,Seahorse_Valley,128,4,0.0060895,8.4741482e-5
omp_com,Seahorse_Valley,128,8,0.004459017,0.00045533697997199996
omp_com,Seahorse_Valley,128,16,0.004216928,5.8682770048e-5
omp_com,Seahorse_Valley,128,32,0.004581615,0.00011943353982000001
omp_com,Seahorse_Valley,256,1,0.066704963,0.00015689007297600002
omp_com,Seahorse_Valley,256,2,0.039554088,2.3257803744000003e-5
omp_com,Seahorse_Valley,256,4,0.023530459,0.000724079284348
omp_com,Seahorse_Valley,256,8,0.014492837,0.000196001127588
omp_com,Seahorse_Valley,256,16,0.014063098,0.00012403652436
omp_com,Seahorse_Valley,256,32,0.012878326,0.000121159291008
omp_com,Seahorse_Valley,512,1,0.264406925,0.0009846513887000002
omp_com,Seahorse_Valley,512,2,0.156519993,0.000337457104908
omp_com,Seahorse_Valley,512,4,0.088040668,0.00060395898248
omp_com,Seahorse_Valley,512,8,0.055209104,0.000422018390976
omp_com,Seahorse_Valley,512,16,0.049413548,0.000958820485392
omp_com,Seahorse_Valley,512,32,0.047018394,0.00044234905075199996
omp_com,Seahorse_Valley,1024,1,1.072727804,0.026702340497168
omp_com,Seahorse_Valley,1024,2,0.6221871,0.0031706654616000004
omp_com,Seahorse_Valley,1024,4,0.350318646,0.006728920552368
omp_com,Seahorse_Valley,1024,8,0.216378071,0.0023749657072960006
omp_com,Seahorse_Valley,1024,16,0.182651545,0.0020047833579200005
omp_com,Seahorse_Valley,1024,32,0.174079055,0.0018765722129000003
omp_com,Seahorse_Valley,2048,1,4.1122855,0.017732175075999997
omp_com,Seahorse_Valley,2048,2,2.48662289,0.014133964506759997
omp_com,Seahorse_Valley,2048,4,1.394937476,0.009295863340064001
omp_com,Seahorse_Valley,2048,8,0.859424542,0.010275279824152
omp_com,Seahorse_Valley,2048,16,0.710528853,0.010026983173536
omp_com,Seahorse_Valley,2048,32,0.688923529,0.002565551221996
omp_com,Seahorse_Valley,4096,1,16.213290742,0.019066829912592002
omp_com,Seahorse_Valley,4096,2,9.711060035,0.02474378096918
omp_com,Seahorse_Valley,4096,4,5.522395321,0.029224516038732
omp_com,Seahorse_Valley,4096,8,3.422237903,0.038233241852316
omp_com,Seahorse_Valley,4096,16,2.872963676,0.034349153710256
omp_com,Seahorse_Valley,4096,32,2.765482769,0.014092900190824003
omp_com,Seahorse_Valley,8192,1,64.557235217,0.139185399127852
omp_com,Seahorse_Valley,8192,2,38.58490997,0.25712984004008
omp_com,Seahorse_Valley,8192,4,21.928429395,0.07736349890555999
omp_com,Seahorse_Valley,8192,8,13.642569772,0.050804929830928006
omp_com,Seahorse_Valley,8192,16,11.464764244,0.17752040955409598
omp_com,Seahorse_Valley,8192,32,11.113484083,0.117625115534472
omp_com,Elephant_Valley,16,1,0.000749777,1.8663449084e-5
omp_com,Elephant_Valley,16,2,0.00072509,6.210540868e-5
omp_com,Elephant_Valley,16,4,0.000686891,3.0426523736e-5
omp_com,Elephant_Valley,16,8,0.001146942,0.0004990574030399999
omp_com,Elephant_Valley,16,16,0.000938267,2.5929946812e-5
omp_com,Elephant_Valley,16,32,0.001245863,3.4430669868e-5
omp_com,Elephant_Valley,32,1,0.001495414,1.5534360632e-5
omp_com,Elephant_Valley,32,2,0.001187933,2.3050651931999997e-5
omp_com,Elephant_Valley,32,4,0.00095396,8.918762832e-5
omp_com,Elephant_Valley,32,8,0.000916988,7.944050441599999e-5
omp_com,Elephant_Valley,32,16,0.002699914,0.00014605454774399999
omp_com,Elephant_Valley,32,32,0.001483669,3.63498905e-5
omp_com,Elephant_Valley,64,1,0.004439681,1.6533372044e-5
omp_com,Elephant_Valley,64,2,0.002664605,1.775692772e-5
omp_com,Elephant_Valley,64,4,0.001876298,1.9123229216000004e-5
omp_com,Elephant_Valley,64,8,0.002248036,0.0005093510047360001
omp_com,Elephant_Valley,64,16,0.001860379,0.000134550050796
omp_com,Elephant_Valley,64,32,0.006073256,0.00018331515910400002
omp_com,Elephant_Valley,128,1,0.01619324,2.5391000320000003e-5
omp_com,Elephant_Valley,128,2,0.008908153,2.0951975856e-5
omp_com,Elephant_Valley,128,4,0.005770155,0.00011874978989999998
omp_com,Elephant_Valley,128,8,0.004482389,0.00019855190314399998
omp_com,Elephant_Valley,128,16,0.004228676,0.00015664707374399997
omp_com,Elephant_Valley,128,32,0.00455557,0.00014464845864000002
omp_com,Elephant_Valley,256,1,0.063143478,2.4752243376e-5
omp_com,Elephant_Valley,256,2,0.034681077,0.000822496422132
omp_com,Elephant_Valley,256,4,0.021184859,0.000323874124392
omp_com,Elephant_Valley,256,8,0.01557333,0.0005677413184799999
omp_com,Elephant_Valley,256,16,0.013634264,0.000328694836512
omp_com,Elephant_Valley,256,32,0.012572755,0.00022178339820000002
omp_com,Elephant_Valley,512,1,0.250960733,0.0
omp_com,Elephant_Valley,512,2,0.134067605,0.00089342651972
omp_com,Elephant_Valley,512,4,0.082354212,0.000177555681072
omp_com,Elephant_Valley,512,8,0.059015335,0.00033544316414
omp_com,Elephant_Valley,512,16,0.050639607,0.000982610934228
omp_com,Elephant_Valley,512,32,0.046074945,0.00079470065136
omp_com,Elephant_Valley,1024,1,1.005562781,0.007883612203040001
omp_com,Elephant_Valley,1024,2,0.55146489,0.016537329121320003
omp_com,Elephant_Valley,1024,4,0.332326535,0.007425504098039999
omp_com,Elephant_Valley,1024,8,0.23109842,0.0029441938707999997
omp_com,Elephant_Valley,1024,16,0.184541993,0.003110639834008
omp_com,Elephant_Valley,1024,32,0.171539404,0.001714707882384
omp_com,Elephant_Valley,2048,1,3.946081902,0.035577874428432
omp_com,Elephant_Valley,2048,2,2.143844941,0.044540522494216
omp_com,Elephant_Valley,2048,4,1.322440542,0.024105446199576
omp_com,Elephant_Valley,2048,8,0.897717519,0.009149536953648
omp_com,Elephant_Valley,2048,16,0.70129657,0.0082472476632
omp_com,Elephant_Valley,2048,32,0.665181625,0.0053453995385
omp_com,Elephant_Valley,4096,1,15.389163705,0.021113932603260003
omp_com,Elephant_Valley,4096,2,8.242959674,0.017771821057143998
omp_com,Elephant_Valley,4096,4,5.175754563,0.017245614203916
omp_com,Elephant_Valley,4096,8,3.547229218,0.034067589409672
omp_com,Elephant_Valley,4096,16,2.772175799,0.037490905505676
omp_com,Elephant_Valley,4096,32,2.664855068,0.017236282579824
omp_com,Elephant_Valley,8192,1,61.164934735,0.14385992649672
omp_com,Elephant_Valley,8192,2,32.667737497,0.070431642043532
omp_com,Elephant_Valley,8192,4,20.50662949,0.03617369442036
omp_com,Elephant_Valley,8192,8,14.002825895,0.21407520228276
omp_com,Elephant_Valley,8192,16,11.057988256,0.153882964570496
omp_com,Elephant_Valley,8192,32,10.734119614,0.056804960997288004
omp_com,Triple_Spiral_Valley,16,1,0.000874341,1.6451600256e-5
omp_com,Triple_Spiral_Valley,16,2,0.000743466,2.3023655088000003e-5
omp_com,Triple_Spiral_Valley,16,4,0.00068449,2.039232608e-5
omp_com,Triple_Spiral_Valley,16,8,0.001176447,0.000505900444728
omp_com,Triple_Spiral_Valley,16,16,0.000974041,5.9755467267999995e-5
omp_com,Triple_Spiral_Valley,16,32,0.001267619,3.5777278656e-5
omp_com,Triple_Spiral_Valley,32,1,0.001667273,1.6666060908e-5
omp_com,Triple_Spiral_Valley,32,2,0.001242579,3.896727744e-5
omp_com,Triple_Spiral_Valley,32,4,0.001047277,0.00014122320889600003
omp_com,Triple_Spiral_Valley,32,8,0.001656245,0.00119201940144
omp_com,Triple_Spiral_Valley,32,16,0.001137412,3.2994047296e-5
omp_com,Triple_Spiral_Valley,32,32,0.001557928,4.7940560416e-5
omp_com,Triple_Spiral_Valley,64,1,0.005622573,0.00026228178530399995
omp_com,Triple_Spiral_Valley,64,2,0.003398913,6.5286320904e-5
omp_com,Triple_Spiral_Valley,64,4,0.002044224,4.8881484288000003e-5
omp_com,Triple_Spiral_Valley,64,8,0.001943199,0.00040181468922000004
omp_com,Triple_Spiral_Valley,64,16,0.002002386,9.811691400000001e-5
omp_com,Triple_Spiral_Valley,64,32,0.002804914,0.000749327165272
omp_com,Triple_Spiral_Valley,128,1,0.02014514,0.0006120093531999999
omp_com,Triple_Spiral_Valley,128,2,0.010993006,2.154629176e-5
omp_com,Triple_Spiral_Valley,128,4,0.006323484,3.5942683055999995e-5
omp_com,Triple_Spiral_Valley,128,8,0.004975736,0.000518829944192
omp_com,Triple_Spiral_Valley,128,16,0.004667456,0.000175645704192
omp_com,Triple_Spiral_Valley,128,32,0.004945741,0.000282085283676
omp_com,Triple_Spiral_Valley,256,1,0.075297647,2.9516677624e-5
omp_com,Triple_Spiral_Valley,256,2,0.042177369,4.9600585944e-5
omp_com,Triple_Spiral_Valley,256,4,0.023533824,0.000152216773632
omp_com,Triple_Spiral_Valley,256,8,0.01658068,0.00020473823664
omp_com,Triple_Spiral_Valley,256,16,0.015231725,0.0003104834824
omp_com,Triple_Spiral_Valley,256,32,0.014011405,0.0001647741228
omp_com,Triple_Spiral_Valley,512,1,0.300019202,0.000646841399512
omp_com,Triple_Spiral_Valley,512,2,0.1656148,0.0007465915184000001
omp_com,Triple_Spiral_Valley,512,4,0.092055847,0.00030673008220399997
omp_com,Triple_Spiral_Valley,512,8,0.063244893,0.000458651964036
omp_com,Triple_Spiral_Valley,512,16,0.053193721,0.0013240981031319998
omp_com,Triple_Spiral_Valley,512,32,0.052176018,0.000726081466488
omp_com,Triple_Spiral_Valley,1024,1,1.203685365,0.024771844811699997
omp_com,Triple_Spiral_Valley,1024,2,0.671296846,0.01513103090884
omp_com,Triple_Spiral_Valley,1024,4,0.369294314,0.004487664503728001
omp_com,Triple_Spiral_Valley,1024,8,0.249619605,0.00136991239224
omp_com,Triple_Spiral_Valley,1024,16,0.204312315,0.00304343624424
omp_com,Triple_Spiral_Valley,1024,32,0.193023405,0.00242128559232
omp_com,Triple_Spiral_Valley,2048,1,4.731477571,0.038949523364472
omp_com,Triple_Spiral_Valley,2048,2,2.635923732,0.029965180985376
omp_com,Triple_Spiral_Valley,2048,4,1.461654847,0.012605311400527999
omp_com,Triple_Spiral_Valley,2048,8,0.966608288,0.0018945522444800001
omp_com,Triple_Spiral_Valley,2048,16,0.787707716,0.007873926329136001
omp_com,Triple_Spiral_Valley,2048,32,0.7478784,0.006596287488
omp_com,Triple_Spiral_Valley,4096,1,18.362369998,0.014396098078431998
omp_com,Triple_Spiral_Valley,4096,2,10.354889267,0.018266024666988002
omp_com,Triple_Spiral_Valley,4096,4,5.77043706,0.01470307362888
omp_com,Triple_Spiral_Valley,4096,8,3.860758788,0.015134174448960001
omp_com,Triple_Spiral_Valley,4096,16,3.135625249,0.037489535477044
omp_com,Triple_Spiral_Valley,4096,32,3.03290402,0.01307788213424
omp_com,Triple_Spiral_Valley,8192,1,73.290387662,0.27293340365328805
omp_com,Triple_Spiral_Valley,8192,2,41.082727917,0.040261073358660006
omp_com,Triple_Spiral_Valley,8192,4,23.072867807,0.049745102991892
omp_com,Triple_Spiral_Valley,8192,8,15.366615633,0.051201563289156
omp_com,Triple_Spiral_Valley,8192,16,12.522922273,0.09817971062032001
omp_com,Triple_Spiral_Valley,8192,32,12.211917372,0.03590303707368
pth_com,Full_Picture,16,1,0.000769264,0.00035552920435199994
pth_com,Full_Picture,16,2,0.000562212,2.7328000896e-5
pth_com,Full_Picture,16,4,0.000620519,2.0797314804e-5
pth_com,Full_Picture,16,8,0.000728826,7.171064779199999e-5
pth_com,Full_Picture,16,16,0.000913978,8.688274867999998e-5
pth_com,Full_Picture,16,32,0.001232234,3.1155804456000006e-5
pth_com,Full_Picture,32,1,0.000748494,1.8924922296000003e-5
pth_com,Full_Picture,32,2,0.000723035,1.4029771139999999e-5
pth_com,Full_Picture,32,4,0.00071292,1.914332784e-5
pth_com,Full_Picture,32,8,0.000753961,2.6008638655999998e-5
pth_com,Full_Picture,32,16,0.000933351,2.3232973092e-5
pth_com,Full_Picture,32,32,0.001245557,3.8572409176e-5
pth_com,Full_Picture,64,1,0.001448233,1.6179659076e-5
pth_com,Full_Picture,64,2,0.001237049,1.3820311428000001e-5
pth_com,Full_Picture,64,4,0.001007572,3.0215069136000003e-5
pth_com,Full_Picture,64,8,0.001079918,3.5136212048e-5
pth_com,Full_Picture,64,16,0.001194715,2.5758055400000007e-5
pth_com,Full_Picture,64,32,0.001502359,3.2096397676000005e-5
pth_com,Full_Picture,128,1,0.004138557,1.9467772128e-5
pth_com,Full_Picture,128,2,0.003281512,2.572705408e-5
pth_com,Full_Picture,128,4,0.002417912,3.1752020384000006e-5
pth_com,Full_Picture,128,8,0.002631018,0.00021916379940000003
pth_com,Full_Picture,128,16,0.002478848,5.052883763200001e-5
pth_com,Full_Picture,128,32,0.002336191,0.00012821016208
pth_com,Full_Picture,256,1,0.014710743,0.00029986378531200004
pth_com,Full_Picture,256,2,0.011258107,0.000238311608976
pth_com,Full_Picture,256,4,0.007517122,0.00022247674271200002
pth_com,Full_Picture,256,8,0.0076772,0.00010232172160000001
pth_com,Full_Picture,256,16,0.007063288,8.998628912e-5
pth_com,Full_Picture,256,32,0.005936438,0.00014776981469599997
pth_com,Full_Picture,512,1,0.053864908,0.0014252654656800002
pth_com,Full_Picture,512,2,0.039115122,4.5999383472e-5
pth_com,Full_Picture,512,4,0.030880506,0.0008957817180479999
pth_com,Full_Picture,512,8,0.031366795,0.00085455696298
pth_com,Full_Picture,512,16,0.027042312,0.0009381518879039999
pth_com,Full_Picture,512,32,0.020664057,0.000457667534436
pth_com,Full_Picture,1024,1,0.209849846,0.010858470431424001
pth_com,Full_Picture,1024,2,0.154193533,0.00045332898702
pth_com,Full_Picture,1024,4,0.104844007,0.0018083494327360001
pth_com,Full_Picture,1024,8,0.119629557,0.0027902397874679996
pth_com,Full_Picture,1024,16,0.103416436,0.002655320410736
pth_com,Full_Picture,1024,32,0.078194168,0.0013640190665919999
pth_com,Full_Picture,2048,1,0.799241682,0.0029763760237680003
pth_com,Full_Picture,2048,2,0.606873445,0.0024978910996199997
pth_com,Full_Picture,2048,4,0.40924572,0.00104275809456
pth_com,Full_Picture,2048,8,0.445853649,0.0016603589888760002
pth_com,Full_Picture,2048,16,0.395690535,0.0019388836214999999
pth_com,Full_Picture,2048,32,0.304195204,0.0035177133390559994
pth_com,Full_Picture,4096,1,3.135635726,0.014750030455104
pth_com,Full_Picture,4096,2,2.447034914,0.04124722051038401
pth_com,Full_Picture,4096,4,1.643814021,0.011920939280292
pth_com,Full_Picture,4096,8,1.784436248,0.015039228698144001
pth_com,Full_Picture,4096,16,1.585563207,0.008390800491444
pth_com,Full_Picture,4096,32,1.223881288,0.019190458595840003
pth_com,Full_Picture,8192,1,12.38221735,0.0194153168048
pth_com,Full_Picture,8192,2,9.608867861,0.06215015732494801
pth_com,Full_Picture,8192,4,6.48999002,0.017808532614880003
pth_com,Full_Picture,8192,8,6.987024015,0.024650220724920003
pth_com,Full_Picture,8192,16,6.306951644,0.025959412966703996
pth_com,Full_Picture,8192,32,4.831830514,0.063451598309848
pth_com,Seahorse_Valley,16,1,0.000798781,1.878732912e-5
pth_com,Seahorse_Valley,16,2,0.000688841,1.9036809876000002e-5
pth_com,Seahorse_Valley,16,4,0.000615056,2.9173336192000003e-5
pth_com,Seahorse_Valley,16,8,0.000716395,2.611689612e-5
pth_com,Seahorse_Valley,16,16,0.000906705,2.0081702339999997e-5
pth_com,Seahorse_Valley,16,32,0.001215461,3.930800874e-5
pth_com,Seahorse_Valley,32,1,0.00166168,5.764700256e-5
pth_com,Seahorse_Valley,32,2,0.001176931,1.5455457892000002e-5
pth_com,Seahorse_Valley,32,4,0.00089588,2.1949060000000004e-5
pth_com,Seahorse_Valley,32,8,0.000937853,3.2168357899999995e-5
pth_com,Seahorse_Valley,32,16,0.000982274,4.8709003111999994e-5
pth_com,Seahorse_Valley,32,32,0.001358495,4.3134933240000006e-5
pth_com,Seahorse_Valley,64,1,0.005080586,1.7924307408e-5
pth_com,Seahorse_Valley,64,2,0.003199144,5.2043674592e-5
pth_com,Seahorse_Valley,64,4,0.002015483,3.3972981448000005e-5
pth_com,Seahorse_Valley,64,8,0.001952327,0.00022347115772799997
pth_com,Seahorse_Valley,64,16,0.001653212,7.3230678752e-5
pth_com,Seahorse_Valley,64,32,0.001662467,5.0179903928e-5
pth_com,Seahorse_Valley,128,1,0.018449941,0.000220587494596
pth_com,Seahorse_Valley,128,2,0.011304188,0.000135152871728
pth_com,Seahorse_Valley,128,4,0.006618469,4.7997137188e-5
pth_com,Seahorse_Valley,128,8,0.005316242,0.0004688925444
pth_com,Seahorse_Valley,128,16,0.004490543,0.00022267704628399994
pth_com,Seahorse_Valley,128,32,0.004022532,0.00016635583339199997
pth_com,Seahorse_Valley,256,1,0.071158164,0.0015341700158400002
pth_com,Seahorse_Valley,256,2,0.043966863,0.000180967608108
pth_com,Seahorse_Valley,256,4,0.023535467,0.000664265020608
pth_com,Seahorse_Valley,256,8,0.016784365,0.00027962752089999996
pth_com,Seahorse_Valley,256,16,0.015098821,0.000511970822468
pth_com,Seahorse_Valley,256,32,0.013071743,0.00033306801164
pth_com,Seahorse_Valley,512,1,0.267418869,5.241409832400001e-5
pth_com,Seahorse_Valley,512,2,0.159217507,0.0005929259960680001
pth_com,Seahorse_Valley,512,4,0.090987776,0.0017298595973120002
pth_com,Seahorse_Valley,512,8,0.063209542,0.00029733768556799994
pth_com,Seahorse_Valley,512,16,0.051456833,0.0009379551519239999
pth_com,Seahorse_Valley,512,32,0.048806648,0.0009279119917760001
pth_com,Seahorse_Valley,1024,1,1.053426345,0.005987675344979999
pth_com,Seahorse_Valley,1024,2,0.633111215,0.00297815515536
pth_com,Seahorse_Valley,1024,4,0.356206873,0.0009076151124040001
pth_com,Seahorse_Valley,1024,8,0.247756053,0.0017967268963559998
pth_com,Seahorse_Valley,1024,16,0.191959147,0.002558431511216
pth_com,Seahorse_Valley,1024,32,0.177969919,0.001604576789704
pth_com,Seahorse_Valley,2048,1,4.14997135,0.021148253999600006
pth_com,Seahorse_Valley,2048,2,2.496755886,0.009297918919464
pth_com,Seahorse_Valley,2048,4,1.418419145,0.00611622335324
pth_com,Seahorse_Valley,2048,8,0.963470718,0.006231728604024001
pth_com,Seahorse_Valley,2048,16,0.750039917,0.01249566501722
pth_com,Seahorse_Valley,2048,32,0.692259544,0.0031207060243520005
pth_com,Seahorse_Valley,4096,1,16.389418914,0.054609543821448
pth_com,Seahorse_Valley,4096,2,9.956253701,0.021465682979356
pth_com,Seahorse_Valley,4096,4,5.659113841,0.012201049441196
pth_com,Seahorse_Valley,4096,8,3.814671737,0.035888431701696
pth_com,Seahorse_Valley,4096,16,2.97192672,0.04426982042112
pth_com,Seahorse_Valley,4096,32,2.803946633,0.014838485581835998
pth_com,Seahorse_Valley,8192,1,65.297705515,0.17917690393316005
pth_com,Seahorse_Valley,8192,2,39.472151652,0.092838500685504
pth_com,Seahorse_Valley,8192,4,22.436222628,0.030782497445616005
pth_com,Seahorse_Valley,8192,8,15.13914548,0.13055999061952
pth_com,Seahorse_Valley,8192,16,11.578312561,0.106659415311932
pth_com,Seahorse_Valley,8192,32,11.187593072,0.07674688847392
pth_com,Elephant_Valley,16,1,0.000783121,2.6707558584000005e-5
pth_com,Elephant_Valley,16,2,0.000680069,2.1326963840000002e-5
pth_com,Elephant_Valley,16,4,0.000644712,1.8701805695999998e-5
pth_com,Elephant_Valley,16,8,0.000693481,3.7242703624e-5
pth_com,Elephant_Valley,16,16,0.000878675,3.87495675e-5
pth_com,Elephant_Valley,16,32,0.001243408,4.5329682048e-5
pth_com,Elephant_Valley,32,1,0.001613126,2.3080606808e-5
pth_com,Elephant_Valley,32,2,0.001235768,2.2283368576000002e-5
pth_com,Elephant_Valley,32,4,0.000973982,7.5596586912e-5
pth_com,Elephant_Valley,32,8,0.000858519,3.3149135628e-5
pth_com,Elephant_Valley,32,16,0.000953355,2.8028637e-5
pth_com,Elephant_Valley,32,32,0.001331641,5.4549341923999994e-5
pth_com,Elephant_Valley,64,1,0.004613567,0.000127500537612
pth_com,Elephant_Valley,64,2,0.00343071,1.613805984e-5
pth_com,Elephant_Valley,64,4,0.002104715,1.773853802e-5
pth_com,Elephant_Valley,64,8,0.001613149,8.505166787600001e-5
pth_com,Elephant_Valley,64,16,0.001633505,8.996692137999999e-5
pth_com,Elephant_Valley,64,32,0.001652491,9.166037078800002e-5
pth_com,Elephant_Valley,128,1,0.017724004,5.9056381328000004e-5
pth_com,Elephant_Valley,128,2,0.011787608,0.00024027860147200002
pth_com,Elephant_Valley,128,4,0.006802727,4.000003475999999e-5
pth_com,Elephant_Valley,128,8,0.004658251,0.00014608275136000003
pth_com,Elephant_Valley,128,16,0.004350723,0.00019783607625599998
pth_com,Elephant_Valley,128,32,0.003800074,0.000110977361096
pth_com,Elephant_Valley,256,1,0.067375778,0.0016507065610000002
pth_com,Elephant_Valley,256,2,0.046170947,0.0006244158872279999
pth_com,Elephant_Valley,256,4,0.023369772,0.000109931407488
pth_com,Elephant_Valley,256,8,0.015790286,0.000430190551784
pth_com,Elephant_Valley,256,16,0.014147845,0.00049359001636
pth_com,Elephant_Valley,256,32,0.012671803,0.00018627550409999998
pth_com,Elephant_Valley,512,1,0.250761704,0.0014253295255359996
pth_com,Elephant_Valley,512,2,0.167547196,0.00032839250416000004
pth_com,Elephant_Valley,512,4,0.09189206,0.0005763470003199999
pth_com,Elephant_Valley,512,8,0.059816245,0.00154756589064
pth_com,Elephant_Valley,512,16,0.048826865,0.00213412461542
pth_com,Elephant_Valley,512,32,0.047110562,0.0005078518583600001
pth_com,Elephant_Valley,1024,1,1.001470108,0.006084932376208
pth_com,Elephant_Valley,1024,2,0.665632773,0.0031311365641919996
pth_com,Elephant_Valley,1024,4,0.364853715,0.0012872039065200001
pth_com,Elephant_Valley,1024,8,0.232058664,0.003456745858944
pth_com,Elephant_Valley,1024,16,0.188563807,0.0032893070493080004
pth_com,Elephant_Valley,1024,32,0.172738747,0.0017605533094240003
pth_com,Elephant_Valley,2048,1,3.962465587,0.026405870671768
pth_com,Elephant_Valley,2048,2,2.643920553,0.0129552107097
pth_com,Elephant_Valley,2048,4,1.452049939,0.004838230396748
pth_com,Elephant_Valley,2048,8,0.891559155,0.022367436080640003
pth_com,Elephant_Valley,2048,16,0.733622543,0.009633931234676001
pth_com,Elephant_Valley,2048,32,0.676948464,0.006501413048256
pth_com,Elephant_Valley,4096,1,15.527118339,0.04869304311110399
pth_com,Elephant_Valley,4096,2,10.501628947,0.012349915641672
pth_com,Elephant_Valley,4096,4,5.775384154,0.043015061178992
pth_com,Elephant_Valley,4096,8,3.555459496,0.08641188759078401
pth_com,Elephant_Valley,4096,16,2.845280095,0.03234514411995999
pth_com,Elephant_Valley,4096,32,2.717121759,0.022367346320087998
pth_com,Elephant_Valley,8192,1,61.638168029,0.024162161867368
pth_com,Elephant_Valley,8192,2,41.768710555,0.09005333995657999
pth_com,Elephant_Valley,8192,4,22.847183803,0.026868288152327998
pth_com,Elephant_Valley,8192,8,14.040762605,0.29721486282264
pth_com,Elephant_Valley,8192,16,11.272061054,0.145815381794544
pth_com,Elephant_Valley,8192,32,10.866760858,0.06389655384503999
pth_com,Triple_Spiral_Valley,16,1,0.00083011,2.180200904e-5
pth_com,Triple_Spiral_Valley,16,2,0.00072948,7.22039304e-5
pth_com,Triple_Spiral_Valley,16,4,0.00062951,2.2702648640000002e-5
pth_com,Triple_Spiral_Valley,16,8,0.000685739,2.8493826928e-5
pth_com,Triple_Spiral_Valley,16,16,0.000902572,3.361178128e-5
pth_com,Triple_Spiral_Valley,16,32,0.001181827,4.0768304192000006e-5
pth_com,Triple_Spiral_Valley,32,1,0.00181187,1.207430168e-5
pth_com,Triple_Spiral_Valley,32,2,0.001216024,1.6922189984e-5
pth_com,Triple_Spiral_Valley,32,4,0.000902884,3.0261060143999997e-5
pth_com,Triple_Spiral_Valley,32,8,0.000886813,3.4241623556e-5
pth_com,Triple_Spiral_Valley,32,16,0.000969186,3.3623000712e-5
pth_com,Triple_Spiral_Valley,32,32,0.001379512,3.109420048e-5
pth_com,Triple_Spiral_Valley,64,1,0.005615015,8.364126344e-5
pth_com,Triple_Spiral_Valley,64,2,0.003430514,6.1186647704e-5
pth_com,Triple_Spiral_Valley,64,4,0.002082138,3.7545112416e-5
pth_com,Triple_Spiral_Valley,64,8,0.001812217,0.000112241472112
pth_com,Triple_Spiral_Valley,64,16,0.001849443,7.974798216000001e-5
pth_com,Triple_Spiral_Valley,64,32,0.001664316,3.523024108800001e-5
pth_com,Triple_Spiral_Valley,128,1,0.020907816,0.00024177798422399997
pth_com,Triple_Spiral_Valley,128,2,0.012033936,0.000113215269888
pth_com,Triple_Spiral_Valley,128,4,0.00673017,5.012630616e-5
pth_com,Triple_Spiral_Valley,128,8,0.004807584,5.9364047232000005e-5
pth_com,Triple_Spiral_Valley,128,16,0.004859091,0.000139047748056
pth_com,Triple_Spiral_Valley,128,32,0.004416161,0.000159264430304
pth_com,Triple_Spiral_Valley,256,1,0.080092397,0.001946565616688
pth_com,Triple_Spiral_Valley,256,2,0.045211368,0.000939311381568
pth_com,Triple_Spiral_Valley,256,4,0.023199439,5.0017990484e-5
pth_com,Triple_Spiral_Valley,256,8,0.017269427,0.00026401499997600003
pth_com,Triple_Spiral_Valley,256,16,0.015794023,0.000365284163944
pth_com,Triple_Spiral_Valley,256,32,0.013832499,0.000200626565496
pth_com,Triple_Spiral_Valley,512,1,0.298856711,0.0018158533760360002
pth_com,Triple_Spiral_Valley,512,2,0.168294299,0.0009895704781200001
pth_com,Triple_Spiral_Valley,512,4,0.091842808,0.00144009522944
pth_com,Triple_Spiral_Valley,512,8,0.066451757,0.0006642517629720001
pth_com,Triple_Spiral_Valley,512,16,0.054557332,0.001358041108144
pth_com,Triple_Spiral_Valley,512,32,0.051912506,0.0005290922611520001
pth_com,Triple_Spiral_Valley,1024,1,1.191844431,0.003971225644092
pth_com,Triple_Spiral_Valley,1024,2,0.665964447,0.00261058063224
pth_com,Triple_Spiral_Valley,1024,4,0.36385451,0.0013549941952400002
pth_com,Triple_Spiral_Valley,1024,8,0.25874918,0.0008621522677600001
pth_com,Triple_Spiral_Valley,1024,16,0.211685493,0.004439468159196
pth_com,Triple_Spiral_Valley,1024,32,0.193938561,0.0013684304864160003
pth_com,Triple_Spiral_Valley,2048,1,4.698243808,0.024863106231935998
pth_com,Triple_Spiral_Valley,2048,2,2.624326461,0.010801727713476
pth_com,Triple_Spiral_Valley,2048,4,1.449148855,0.0045445308092799995
pth_com,Triple_Spiral_Valley,2048,8,0.993758725,0.005843301303
pth_com,Triple_Spiral_Valley,2048,16,0.80399909,0.005988185222320001
pth_com,Triple_Spiral_Valley,2048,32,0.760232197,0.003576132254688
pth_com,Triple_Spiral_Valley,4096,1,18.49413932,0.047123066987360004
pth_com,Triple_Spiral_Valley,4096,2,10.461717379,0.032807945700544
pth_com,Triple_Spiral_Valley,4096,4,5.752377737,0.016911990546779998
pth_com,Triple_Spiral_Valley,4096,8,3.964965659,0.026422531151576
pth_com,Triple_Spiral_Valley,4096,16,3.236608192,0.038696887543551994
pth_com,Triple_Spiral_Valley,4096,32,3.085644423,0.010886153524344
pth_com,Triple_Spiral_Valley,8192,1,73.906722327,0.260742916369656
pth_com,Triple_Spiral_Valley,8192,2,41.432650133,0.064966395408544
pth_com,Triple_Spiral_Valley,8192,4,22.822669213,0.040259188491732004
pth_com,Triple_Spiral_Valley,8192,8,15.84187924,0.0621001666208
pth_com,Triple_Spiral_Valley,8192,16,12.665894611,0.13157331321906798
pth_com,Triple_Spiral_Valley,8192,32,12.36980185,0.0266692927886
seq_sem,Full_Picture,16,1,0.000376785,0.00012783410765999998
seq_sem,Full_Picture,32,1,0.000419942,8.560097728000002e-6
seq_sem,Full_Picture,64,1,0.000843708,9.095172240000002e-6
seq_sem,Full_Picture,128,1,0.002516112,7.397369279999999e-6
seq_sem,Full_Picture,256,1,0.009507396,0.000245975349312
seq_sem,Full_Picture,512,1,0.035833231,7.0233132760000005e-6
seq_sem,Full_Picture,1024,1,0.142399263,0.00025119229993200004
seq_sem,Full_Picture,2048,1,0.562450284,0.001984324601952
seq_sem,Full_Picture,4096,1,2.234102168,0.014888056847552001
seq_sem,Full_Picture,8192,1,8.71053078,0.02390169646032
seq_sem,Seahorse_Valley,16,1,0.000524319,7.604722776e-6
seq_sem,Seahorse_Valley,32,1,0.001335861,3.0633964451999996e-5
seq_sem,Seahorse_Valley,64,1,0.004210338,1.0727941224e-5
seq_sem,Seahorse_Valley,128,1,0.015989666,1.2535898144e-5
seq_sem,Seahorse_Valley,256,1,0.063113443,1.2370234828000002e-5
seq_sem,Seahorse_Valley,512,1,0.251417055,9.855548556e-5
seq_sem,Seahorse_Valley,1024,1,0.989579043,0.005042894803128001
seq_sem,Seahorse_Valley,2048,1,3.879453935,0.015967832396459998
seq_sem,Seahorse_Valley,4096,1,15.410340323,0.033224693736388
seq_sem,Seahorse_Valley,8192,1,61.199501236,0.011995102242256
seq_sem,Elephant_Valley,16,1,0.000532427,1.6279487952e-5
seq_sem,Elephant_Valley,32,1,0.001218628,1.1703703312e-5
seq_sem,Elephant_Valley,64,1,0.004009832,7.85927072e-6
seq_sem,Elephant_Valley,128,1,0.015156955,8.91228954e-6
seq_sem,Elephant_Valley,256,1,0.061911849,0.001541109745308
seq_sem,Elephant_Valley,512,1,0.237569178,0.0
seq_sem,Elephant_Valley,1024,1,0.938094244,0.00275799707736
seq_sem,Elephant_Valley,2048,1,3.687881965,0.01662497189822
seq_sem,Elephant_Valley,4096,1,14.565151515,0.025692927272460003
seq_sem,Elephant_Valley,8192,1,57.821699369,0.033999159228972
seq_sem,Triple_Spiral_Valley,16,1,0.000553313,9.326643928e-6
seq_sem,Triple_Spiral_Valley,32,1,0.001393376,8.466152576000001e-6
seq_sem,Triple_Spiral_Valley,64,1,0.004802037,7.811953791600001e-5
seq_sem,Triple_Spiral_Valley,128,1,0.018369699,0.000298838263332
seq_sem,Triple_Spiral_Valley,256,1,0.071684587,0.00025290322293599997
seq_sem,Triple_Spiral_Valley,512,1,0.285738771,0.00084007198674
seq_sem,Triple_Spiral_Valley,1024,1,1.125014571,0.003969051406488
seq_sem,Triple_Spiral_Valley,2048,1,4.438190979,0.019137479501448
seq_sem,Triple_Spiral_Valley,4096,1,17.524014287,0.020608240801512002
seq_sem,Triple_Spiral_Valley,8192,1,69.855639867,0.27383410827863996
omp_sem,Full_Picture,16,1,0.00052227,7.145071416000002e-5
omp_sem,Full_Picture,16,2,0.000536578,1.6511578216e-5
omp_sem,Full_Picture,16,4,0.000583669,2.230782918e-5
omp_sem,Full_Picture,16,8,0.001329665,0.0006025403540800001
omp_sem,Full_Picture,16,16,0.000875141,0.00011783948593199998
omp_sem,Full_Picture,16,32,0.001168354,5.0608421864e-5
omp_sem,Full_Picture,32,1,0.000645294,8.5625351448e-5
omp_sem,Full_Picture,32,2,0.000600238,1.7882290496e-5
omp_sem,Full_Picture,32,4,0.000644735,4.8525335039999996e-5
omp_sem,Full_Picture,32,8,0.002472704,0.001949262235648
omp_sem,Full_Picture,32,16,0.00084986,1.9488989519999997e-5
omp_sem,Full_Picture,32,32,0.001188793,3.1921469636e-5
omp_sem,Full_Picture,64,1,0.001126768,9.496400704e-6
omp_sem,Full_Picture,64,2,0.000825557,1.9093482295999997e-5
omp_sem,Full_Picture,64,4,0.000869818,2.045811936e-5
omp_sem,Full_Picture,64,8,0.001629999,0.000661962153888
omp_sem,Full_Picture,64,16,0.001016679,8.5486437036e-5
omp_sem,Full_Picture,64,32,0.001321975,8.00640939e-5
omp_sem,Full_Picture,128,1,0.002667997,1.4641967536000002e-5
omp_sem,Full_Picture,128,2,0.001654267,1.3942162276e-5
omp_sem,Full_Picture,128,4,0.001696242,6.2170661784e-5
omp_sem,Full_Picture,128,8,0.001624545,0.00014742420966
omp_sem,Full_Picture,128,16,0.001432823,4.2967496124000007e-5
omp_sem,Full_Picture,128,32,0.001852644,7.915977283200001e-5
omp_sem,Full_Picture,256,1,0.009202136,1.4428949247999999e-5
omp_sem,Full_Picture,256,2,0.005305044,0.00010397886239999999
omp_sem,Full_Picture,256,4,0.004801614,1.5057861504000001e-5
omp_sem,Full_Picture,256,8,0.004489824,0.000256081601664
omp_sem,Full_Picture,256,16,0.003158715,0.00022597447109999998
omp_sem,Full_Picture,256,32,0.003412724,0.000163210112576
omp_sem,Full_Picture,512,1,0.035287508,8.2996218816e-5
omp_sem,Full_Picture,512,2,0.018159172,0.000252703037552
omp_sem,Full_Picture,512,4,0.017674064,0.00041569398527999997
omp_sem,Full_Picture,512,8,0.015612556,0.00047430945128
omp_sem,Full_Picture,512,16,0.010091301,0.000377777944236
omp_sem,Full_Picture,512,32,0.007641793,0.00042986613983600003
omp_sem,Full_Picture,1024,1,0.139204482,2.7284078471999998e-5
omp_sem,Full_Picture,1024,2,0.07002292,0.00021959187712
omp_sem,Full_Picture,1024,4,0.069465784,0.0021376011052480002
omp_sem,Full_Picture,1024,8,0.055516944,0.000522303409152
omp_sem,Full_Picture,1024,16,0.035321573,0.001024608189584
omp_sem,Full_Picture,1024,32,0.025468859,0.000733808765508
omp_sem,Full_Picture,2048,1,0.553910433,0.000651398669208
omp_sem,Full_Picture,2048,2,0.281149332,0.006557527019568
omp_sem,Full_Picture,2048,4,0.263961307,0.001189937571956
omp_sem,Full_Picture,2048,8,0.214358955,0.0014705024312999999
omp_sem,Full_Picture,2048,16,0.13326016,0.00334323089408
omp_sem,Full_Picture,2048,32,0.095928415,0.00285789933968
omp_sem,Full_Picture,4096,1,2.173552512,0.003408130338816
omp_sem,Full_Picture,4096,2,1.089361521,0.002989208013624001
omp_sem,Full_Picture,4096,4,1.054239531,0.021282987651827998
omp_sem,Full_Picture,4096,8,0.845658702,0.004806724062168
omp_sem,Full_Picture,4096,16,0.526248063,0.0052603756377480005
omp_sem,Full_Picture,4096,32,0.364277045,0.00556906746396
omp_sem,Full_Picture,8192,1,8.494919394,0.014985037811016
omp_sem,Full_Picture,8192,2,4.315390293,0.05074898984568
omp_sem,Full_Picture,8192,4,4.106919791,0.008854519069396
omp_sem,Full_Picture,8192,8,3.338061058,0.011122419445256
omp_sem,Full_Picture,8192,16,2.068584863,0.010541508461848002
omp_sem,Full_Picture,8192,32,1.433150924,0.025842577461568005
omp_sem,Seahorse_Valley,16,1,0.000739781,7.220854384800001e-5
omp_sem,Seahorse_Valley,16,2,0.000682932,2.5833951696e-5
omp_sem,Seahorse_Valley,16,4,0.000637697,4.2121162244e-5
omp_sem,Seahorse_Valley,16,8,0.001691791,0.0008707580605360001
omp_sem,Seahorse_Valley,16,16,0.000875846,2.489154332e-5
omp_sem,Seahorse_Valley,16,32,0.001197866,2.6765117903999998e-5
omp_sem,Seahorse_Valley,32,1,0.001440094,1.1854853808e-5
omp_sem,Seahorse_Valley,32,2,0.001064293,1.5019302816000002e-5
omp_sem,Seahorse_Valley,32,4,0.000826158,1.5706915896e-5
omp_sem,Seahorse_Valley,32,8,0.001033427,0.000281141748496
omp_sem,Seahorse_Valley,32,16,0.001002663,2.5154809344e-5
omp_sem,Seahorse_Valley,32,32,0.001366075,1.9813551799999998e-5
omp_sem,Seahorse_Valley,64,1,0.004383734,1.718423728e-5
omp_sem,Seahorse_Valley,64,2,0.002917705,0.00019386399102000001
omp_sem,Seahorse_Valley,64,4,0.001765576,0.00010416192169600001
omp_sem,Seahorse_Valley,64,8,0.001913595,0.00054909460368
omp_sem,Seahorse_Valley,64,16,0.001580198,7.526167034400002e-5
omp_sem,Seahorse_Valley,64,32,0.002178583,0.000292069551312
omp_sem,Seahorse_Valley,128,1,0.016429178,0.00038641426656
omp_sem,Seahorse_Valley,128,2,0.009358188,1.6507843632e-5
omp_sem,Seahorse_Valley,128,4,0.005144604,1.8150162912e-5
omp_sem,Seahorse_Valley,128,8,0.003731228,0.000499492029904
omp_sem,Seahorse_Valley,128,16,0.003921354,0.000953814461544
omp_sem,Seahorse_Valley,128,32,0.003804513,0.00025204137722399997
omp_sem,Seahorse_Valley,256,1,0.06494426,0.0017056960446400003
omp_sem,Seahorse_Valley,256,2,0.036235428,0.0006462950938080001
omp_sem,Seahorse_Valley,256,4,0.018912033,3.3360826212000006e-5
omp_sem,Seahorse_Valley,256,8,0.011474203,0.00029910952380400005
omp_sem,Seahorse_Valley,256,16,0.010631145,0.00022295637294
omp_sem,Seahorse_Valley,256,32,0.009988525,0.00041308543989999994
omp_sem,Seahorse_Valley,512,1,0.250851505,0.00014750068494
omp_sem,Seahorse_Valley,512,2,0.141146363,0.0005809584301079999
omp_sem,Seahorse_Valley,512,4,0.074046429,0.000203183401176
omp_sem,Seahorse_Valley,512,8,0.043240859,0.001076351462228
omp_sem,Seahorse_Valley,512,16,0.035873479,0.000717182592168
omp_sem,Seahorse_Valley,512,32,0.032964741,0.00044581515728399997
omp_sem,Seahorse_Valley,1024,1,0.994359709,0.003313206550388
omp_sem,Seahorse_Valley,1024,2,0.562084875,0.0023135413455000003
omp_sem,Seahorse_Valley,1024,4,0.296934221,0.005005123229176
omp_sem,Seahorse_Valley,1024,8,0.168052478,0.002931507426232
omp_sem,Seahorse_Valley,1024,16,0.133622423,0.002409479531536
omp_sem,Seahorse_Valley,1024,32,0.122468807,0.00156025260118
omp_sem,Seahorse_Valley,2048,1,3.875946661,0.012154968728896
omp_sem,Seahorse_Valley,2048,2,2.224738754,0.0065407319367600004
omp_sem,Seahorse_Valley,2048,4,1.168035084,0.0034340231469599997
omp_sem,Seahorse_Valley,2048,8,0.665919668,0.013835147022368
omp_sem,Seahorse_Valley,2048,16,0.516531372,0.0050620074456
omp_sem,Seahorse_Valley,2048,32,0.520260328,0.006832058627296001
omp_sem,Seahorse_Valley,4096,1,15.312579956,0.012005062685504
omp_sem,Seahorse_Valley,4096,2,8.739745456,0.015416910984384
omp_sem,Seahorse_Valley,4096,4,4.63526348,0.0136276746312
omp_sem,Seahorse_Valley,4096,8,2.593530242,0.050324860815768
omp_sem,Seahorse_Valley,4096,16,2.134636341,0.046859536957632016
omp_sem,Seahorse_Valley,4096,32,2.05782011,0.0141166459546
omp_sem,Seahorse_Valley,8192,1,60.949519595,0.01194610584062
omp_sem,Seahorse_Valley,8192,2,34.862511105,0.06149746958922001
omp_sem,Seahorse_Valley,8192,4,18.458433899,0.039796383486243994
omp_sem,Seahorse_Valley,8192,8,10.558557405,0.2276424976518
omp_sem,Seahorse_Valley,8192,16,8.431775332,0.095852421974176
omp_sem,Seahorse_Valley,8192,32,8.216667215,0.028988401934519997
omp_sem,Elephant_Valley,16,1,0.00069674,1.3792665039999998e-5
omp_sem,Elephant_Valley,16,2,0.000662188,2.0376849136e-5
omp_sem,Elephant_Valley,16,4,0.000611528,1.7859063712e-5
omp_sem,Elephant_Valley,16,8,0.001606344,0.0009536607312959999
omp_sem,Elephant_Valley,16,16,0.000874183,1.8676045612000002e-5
omp_sem,Elephant_Valley,16,32,0.00129342,0.0001723870176
omp_sem,Elephant_Valley,32,1,0.001398045,1.342682418e-5
omp_sem,Elephant_Valley,32,2,0.001003372,2.6155901296e-5
omp_sem,Elephant_Valley,32,4,0.000811122,1.5580031376e-5
omp_sem,Elephant_Valley,32,8,0.00129085,0.0006051917872000001
omp_sem,Elephant_Valley,32,16,0.003095978,6.917653243200001e-5
omp_sem,Elephant_Valley,32,32,0.001361285,2.4546691120000007e-5
omp_sem,Elephant_Valley,64,1,0.00418868,1.2314719200000001e-5
omp_sem,Elephant_Valley,64,2,0.002452937,4.4231359984000004e-5
omp_sem,Elephant_Valley,64,4,0.001616946,1.6796835048e-5
omp_sem,Elephant_Valley,64,8,0.001735513,0.000543236395156
omp_sem,Elephant_Valley,64,16,0.001645018,0.000109946423048
omp_sem,Elephant_Valley,64,32,0.002134937,0.000282033717448
omp_sem,Elephant_Valley,128,1,0.015291278,1.4985452440000002e-5
omp_sem,Elephant_Valley,128,2,0.008347783,0.000247060985668
omp_sem,Elephant_Valley,128,4,0.004890914,9.8737771832e-5
omp_sem,Elephant_Valley,128,8,0.003605,0.0002685004
omp_sem,Elephant_Valley,128,16,0.003406407,0.000109495546608
omp_sem,Elephant_Valley,128,32,0.003879527,0.000392359842672
omp_sem,Elephant_Valley,256,1,0.059648029,1.1691013683999999e-5
omp_sem,Elephant_Valley,256,2,0.030364463,0.00035708608488
omp_sem,Elephant_Valley,256,4,0.017503499,4.1168229647999994e-5
omp_sem,Elephant_Valley,256,8,0.012039848,0.00020530348809600003
omp_sem,Elephant_Valley,256,16,0.009998023,0.000246911176008
omp_sem,Elephant_Valley,256,32,0.009609205,0.00036726381509999997
omp_sem,Elephant_Valley,512,1,0.236757057,0.0
omp_sem,Elephant_Valley,512,2,0.119199964,0.0008878013318720001
omp_sem,Elephant_Valley,512,4,0.068237999,0.000173870421452
omp_sem,Elephant_Valley,512,8,0.0458473,0.0006829413808
omp_sem,Elephant_Valley,512,16,0.036451995,0.0009716643787200001
omp_sem,Elephant_Valley,512,32,0.032559919,0.000485012553424
omp_sem,Elephant_Valley,1024,1,0.935430959,0.0045836116991
omp_sem,Elephant_Valley,1024,2,0.468444746,0.0023871944256160004
omp_sem,Elephant_Valley,1024,4,0.270766834,0.000902195090888
omp_sem,Elephant_Valley,1024,8,0.175287795,0.0035730664132800007
omp_sem,Elephant_Valley,1024,16,0.131878706,0.003592903466264
omp_sem,Elephant_Valley,1024,32,0.121141881,0.0023981246762760002
omp_sem,Elephant_Valley,2048,1,3.6732004,0.015118892846399999
omp_sem,Elephant_Valley,2048,2,1.864264169,0.009500290205224
omp_sem,Elephant_Valley,2048,4,1.080483942,0.003388397642112
omp_sem,Elephant_Valley,2048,8,0.691538947,0.006777081680599999
omp_sem,Elephant_Valley,2048,16,0.502270357,0.0147667484958
omp_sem,Elephant_Valley,2048,32,0.49568813,0.0027203364574400002
omp_sem,Elephant_Valley,4096,1,14.463232857,0.022678349119776
omp_sem,Elephant_Valley,4096,2,7.328545136,0.012927553619904
omp_sem,Elephant_Valley,4096,4,4.281445874,0.007552470521736
omp_sem,Elephant_Valley,4096,8,2.668101985,0.024578555485819997
omp_sem,Elephant_Valley,4096,16,2.081882178,0.03998879287502399
omp_sem,Elephant_Valley,4096,32,1.961810005,0.01268898711234
omp_sem,Elephant_Valley,8192,1,57.525974313,0.022550181930696002
omp_sem,Elephant_Valley,8192,2,29.096950903,0.045624019015904
omp_sem,Elephant_Valley,8192,4,17.048576958,0.030073689753912003
omp_sem,Elephant_Valley,8192,8,10.758589489,0.134955746550016
omp_sem,Elephant_Valley,8192,16,8.084321318,0.096656145678008
omp_sem,Elephant_Valley,8192,32,7.772539316,0.065506961355248
omp_sem,Triple_Spiral_Valley,16,1,0.000736923,1.3865943168e-5
omp_sem,Triple_Spiral_Valley,16,2,0.000704485,1.8226435920000002e-5
omp_sem,Triple_Spiral_Valley,16,4,0.000642181,3.8263712704000006e-5
omp_sem,Triple_Spiral_Valley,16,8,0.000674114,2.4179120952000003e-5
omp_sem,Triple_Spiral_Valley,16,16,0.000871815,1.6062319559999996e-5
omp_sem,Triple_Spiral_Valley,16,32,0.00128493,9.872374176e-5
omp_sem,Triple_Spiral_Valley,32,1,0.001627948,0.000101466742944
omp_sem,Triple_Spiral_Valley,32,2,0.001111965,1.6999720919999998e-5
omp_sem,Triple_Spiral_Valley,32,4,0.000870806,2.3382882712e-5
omp_sem,Triple_Spiral_Valley,32,8,0.001526153,0.000936862594416
omp_sem,Triple_Spiral_Valley,32,16,0.001086686,4.7709862144000004e-5
omp_sem,Triple_Spiral_Valley,32,32,0.001460247,4.3503678624000005e-5
omp_sem,Triple_Spiral_Valley,64,1,0.004938771,1.0647990276e-5
omp_sem,Triple_Spiral_Valley,64,2,0.003009789,8.6128122024e-5
omp_sem,Triple_Spiral_Valley,64,4,0.001755293,1.5137646832e-5
omp_sem,Triple_Spiral_Valley,64,8,0.00228435,0.0008408418228000002
omp_sem,Triple_Spiral_Valley,64,16,0.001821344,0.000137795601664
omp_sem,Triple_Spiral_Valley,64,32,0.002263605,0.00012955064136
omp_sem,Triple_Spiral_Valley,128,1,0.018332691,1.4372829744000002e-5
omp_sem,Triple_Spiral_Valley,128,2,0.010043304,1.7716388256e-5
omp_sem,Triple_Spiral_Valley,128,4,0.005688136,0.00015050807856
omp_sem,Triple_Spiral_Valley,128,8,0.004029749,0.0004975934065199999
omp_sem,Triple_Spiral_Valley,128,16,0.00387525,0.00026660169899999996
omp_sem,Triple_Spiral_Valley,128,32,0.004402098,0.0005832603766079999
omp_sem,Triple_Spiral_Valley,256,1,0.071804914,1.4073763143999998e-5
omp_sem,Triple_Spiral_Valley,256,2,0.0384248,8.28438688e-5
omp_sem,Triple_Spiral_Valley,256,4,0.019934139,4.6885094928e-5
omp_sem,Triple_Spiral_Valley,256,8,0.013490503,0.0004997421931319999
omp_sem,Triple_Spiral_Valley,256,16,0.011960634,0.000309445522848
omp_sem,Triple_Spiral_Valley,256,32,0.011070597,0.0005120815348319999
omp_sem,Triple_Spiral_Valley,512,1,0.28568014,0.00011198661488
omp_sem,Triple_Spiral_Valley,512,2,0.151693037,0.000654100375544
omp_sem,Triple_Spiral_Valley,512,4,0.07822502,0.0001533210392
omp_sem,Triple_Spiral_Valley,512,8,0.050405942,0.0005334964901280001
omp_sem,Triple_Spiral_Valley,512,16,0.041675978,0.0020339544303120006
omp_sem,Triple_Spiral_Valley,512,32,0.038076855,0.0005671928320800001
omp_sem,Triple_Spiral_Valley,1024,1,1.127648844,0.006851594376144001
omp_sem,Triple_Spiral_Valley,1024,2,0.604099278,0.002604876086736
omp_sem,Triple_Spiral_Valley,1024,4,0.310461346,0.0009736067810560001
omp_sem,Triple_Spiral_Valley,1024,8,0.196890176,0.003048647485184
omp_sem,Triple_Spiral_Valley,1024,16,0.152595904,0.004845225143808001
omp_sem,Triple_Spiral_Valley,1024,32,0.138647069,0.0018478881356320002
omp_sem,Triple_Spiral_Valley,2048,1,4.401199822,0.00431317582556
omp_sem,Triple_Spiral_Valley,2048,2,2.389894708,0.015457838971344
omp_sem,Triple_Spiral_Valley,2048,4,1.233103746,0.004592078350104
omp_sem,Triple_Spiral_Valley,2048,8,0.760571083,0.00521751762938
omp_sem,Triple_Spiral_Valley,2048,16,0.600878431,0.016605876319116
omp_sem,Triple_Spiral_Valley,2048,32,0.589706128,0.00693494406528
omp_sem,Triple_Spiral_Valley,4096,1,17.418917724,0.010242323621711999
omp_sem,Triple_Spiral_Valley,4096,2,9.396389551,0.012891846463972003
omp_sem,Triple_Spiral_Valley,4096,4,4.91471821,0.006742993384120001
omp_sem,Triple_Spiral_Valley,4096,8,3.094967862,0.024264548038079998
omp_sem,Triple_Spiral_Valley,4096,16,2.441455909,0.037803503294956
omp_sem,Triple_Spiral_Valley,4096,32,2.339739644,0.014216258076944
omp_sem,Triple_Spiral_Valley,8192,1,70.155330445,0.44001423255104
omp_sem,Triple_Spiral_Valley,8192,2,37.437236498,0.022013095060824
omp_sem,Triple_Spiral_Valley,8192,4,19.573479189,0.04220042113148399
omp_sem,Triple_Spiral_Valley,8192,8,12.327581457,0.09664823862288001
omp_sem,Triple_Spiral_Valley,8192,16,9.5689361,0.1012776196824
omp_sem,Triple_Spiral_Valley,8192,32,9.294699849,0.030969939896868002
pth_sem,Full_Picture,16,1,0.000514542,6.565350103199999e-5
pth_sem,Full_Picture,16,2,0.000486945,1.078485786e-5
pth_sem,Full_Picture,16,4,0.000567476,1.5349090848e-5
pth_sem,Full_Picture,16,8,0.000618114,2.0474408136e-5
pth_sem,Full_Picture,16,16,0.000759626,1.8908610392000002e-5
pth_sem,Full_Picture,16,32,0.001109944,3.4807843840000006e-5
pth_sem,Full_Picture,32,1,0.000618306,1.7329880568e-5
pth_sem,Full_Picture,32,2,0.000559732,7.021278207999999e-6
pth_sem,Full_Picture,32,4,0.000678384,0.000208486397952
pth_sem,Full_Picture,32,8,0.000622698,3.2342934119999996e-5
pth_sem,Full_Picture,32,16,0.000766991,2.1647553984000002e-5
pth_sem,Full_Picture,32,32,0.001095023,2.6828063500000005e-5
pth_sem,Full_Picture,64,1,0.00101456,1.39197632e-5
pth_sem,Full_Picture,64,2,0.000890141,2.7565886488000002e-5
pth_sem,Full_Picture,64,4,0.000786449,0.00012639808328
pth_sem,Full_Picture,64,8,0.000782155,1.2724097539999998e-5
pth_sem,Full_Picture,64,16,0.000874322,2.5876433912e-5
pth_sem,Full_Picture,64,32,0.001208285,0.00010136061208
pth_sem,Full_Picture,128,1,0.00265478,1.5089769519999997e-5
pth_sem,Full_Picture,128,2,0.002061592,0.000128494906176
pth_sem,Full_Picture,128,4,0.001278964,1.2283170256e-5
pth_sem,Full_Picture,128,8,0.001478006,4.6929646512e-5
pth_sem,Full_Picture,128,16,0.001411345,2.5449373040000003e-5
pth_sem,Full_Picture,128,32,0.00132266,5.158903064e-5
pth_sem,Full_Picture,256,1,0.009238943,1.6297495452e-5
pth_sem,Full_Picture,256,2,0.006555645,1.798868988e-5
pth_sem,Full_Picture,256,4,0.003568432,1.1190602752e-5
pth_sem,Full_Picture,256,8,0.004627908,0.000202276602864
pth_sem,Full_Picture,256,16,0.004026982,0.00016732915606400002
pth_sem,Full_Picture,256,32,0.00267505,0.00017931395159999998
pth_sem,Full_Picture,512,1,0.035906441,0.0008445194923199999
pth_sem,Full_Picture,512,2,0.027970676,0.0039965620695839995
pth_sem,Full_Picture,512,4,0.012645513,2.478520548e-5
pth_sem,Full_Picture,512,8,0.015974135,0.0008203037805200001
pth_sem,Full_Picture,512,16,0.019967419,0.00745543490622
pth_sem,Full_Picture,512,32,0.007173537,0.00035712736600799995
pth_sem,Full_Picture,1024,1,0.139522598,0.000300810721288
pth_sem,Full_Picture,1024,2,0.09613274,0.00039568235784
pth_sem,Full_Picture,1024,4,0.048919493,0.000891704518404
pth_sem,Full_Picture,1024,8,0.061628887,0.0035996200318959997
pth_sem,Full_Picture,1024,16,0.050953221,0.003335601659544
pth_sem,Full_Picture,1024,32,0.024767175,0.0006067957875
pth_sem,Full_Picture,2048,1,0.553150424,0.0024936021113920004
pth_sem,Full_Picture,2048,2,0.378792419,0.0053455186169280005
pth_sem,Full_Picture,2048,4,0.190508979,0.000896154237216
pth_sem,Full_Picture,2048,8,0.233866271,0.0027044295578439997
pth_sem,Full_Picture,2048,16,0.187306554,0.0034876480354799995
pth_sem,Full_Picture,2048,32,0.089735508,0.0017588159568
pth_sem,Full_Picture,4096,1,2.191291377,0.03221198324190001
pth_sem,Full_Picture,4096,2,1.504966872,0.005309523124416
pth_sem,Full_Picture,4096,4,0.757904415,0.0017825911840800002
pth_sem,Full_Picture,4096,8,0.901587159,0.004771199245428
pth_sem,Full_Picture,4096,16,0.728695956,0.0031421369622719997
pth_sem,Full_Picture,4096,32,0.361051071,0.011534859616308
pth_sem,Full_Picture,8192,1,8.526161318,0.01671127618328
pth_sem,Full_Picture,8192,2,5.915241607,0.022028359744468002
pth_sem,Full_Picture,8192,4,3.000514768,0.011173916996032
pth_sem,Full_Picture,8192,8,3.584636794,0.01405177623248
pth_sem,Full_Picture,8192,16,2.905447949,0.01708403394012
pth_sem,Full_Picture,8192,32,1.420853488,0.04038065612896
pth_sem,Seahorse_Valley,16,1,0.000694122,1.564550988e-5
pth_sem,Seahorse_Valley,16,2,0.00062973,6.455236284e-5
pth_sem,Seahorse_Valley,16,4,0.000552965,1.105487628e-5
pth_sem,Seahorse_Valley,16,8,0.000622755,1.574573742e-5
pth_sem,Seahorse_Valley,16,16,0.000809612,2.0946281664000004e-5
pth_sem,Seahorse_Valley,16,32,0.001083359,1.6562392392e-5
pth_sem,Seahorse_Valley,32,1,0.001466406,2.299324608e-5
pth_sem,Seahorse_Valley,32,2,0.001040349,2.1818199228000003e-5
pth_sem,Seahorse_Valley,32,4,0.000795325,2.2447252800000003e-5
pth_sem,Seahorse_Valley,32,8,0.000895543,0.000170436161588
pth_sem,Seahorse_Valley,32,16,0.000871652,2.0672098832000002e-5
pth_sem,Seahorse_Valley,32,32,0.001191204,3.268663776e-5
pth_sem,Seahorse_Valley,64,1,0.004371743,1.4566647676e-5
pth_sem,Seahorse_Valley,64,2,0.002741901,5.6965735176e-5
pth_sem,Seahorse_Valley,64,4,0.001765756,0.00015643185555200002
pth_sem,Seahorse_Valley,64,8,0.001473198,0.00013715473380000002
pth_sem,Seahorse_Valley,64,16,0.001433572,5.5634062175999995e-5
pth_sem,Seahorse_Valley,64,32,0.001446709,4.8487898844e-5
pth_sem,Seahorse_Valley,128,1,0.016120543,6.319252856000001e-5
pth_sem,Seahorse_Valley,128,2,0.011052426,0.000749531321616
pth_sem,Seahorse_Valley,128,4,0.005212893,8.991197846399998e-5
pth_sem,Seahorse_Valley,128,8,0.004021946,0.000290883222504
pth_sem,Seahorse_Valley,128,16,0.003445855,0.00012427131472000002
pth_sem,Seahorse_Valley,128,32,0.004674481,0.0013504762588240002
pth_sem,Seahorse_Valley,256,1,0.063003686,0.00020992828175200003
pth_sem,Seahorse_Valley,256,2,0.036965126,0.0006955358108159999
pth_sem,Seahorse_Valley,256,4,0.019283082,4.5353808864e-5
pth_sem,Seahorse_Valley,256,8,0.013392408,0.00034123855584000006
pth_sem,Seahorse_Valley,256,16,0.011094907,0.00034793628352
pth_sem,Seahorse_Valley,256,32,0.009789172,0.00026861487968
pth_sem,Seahorse_Valley,512,1,0.247852707,0.0036920139234720003
pth_sem,Seahorse_Valley,512,2,0.145419015,0.00250818717072
pth_sem,Seahorse_Valley,512,4,0.075406209,0.000266033105352
pth_sem,Seahorse_Valley,512,8,0.050274897,0.0011824655774399998
pth_sem,Seahorse_Valley,512,16,0.037449259,0.0010202676121959999
pth_sem,Seahorse_Valley,512,32,0.035484702,0.000855465195816
pth_sem,Seahorse_Valley,1024,1,0.990895512,0.009516560497248
pth_sem,Seahorse_Valley,1024,2,0.575788882,0.0028213655218
pth_sem,Seahorse_Valley,1024,4,0.303766595,0.005656133998899999
pth_sem,Seahorse_Valley,1024,8,0.193256826,0.001969673570592
pth_sem,Seahorse_Valley,1024,16,0.137400025,0.0013734506499000002
pth_sem,Seahorse_Valley,1024,32,0.124783014,0.002421289603656
pth_sem,Seahorse_Valley,2048,1,3.883951837,0.017508854881196002
pth_sem,Seahorse_Valley,2048,2,2.271642153,0.014692981445604004
pth_sem,Seahorse_Valley,2048,4,1.192490644,0.004207106992032
pth_sem,Seahorse_Valley,2048,8,0.746963239,0.005709786998915999
pth_sem,Seahorse_Valley,2048,16,0.53900989,0.01193799104372
pth_sem,Seahorse_Valley,2048,32,0.517786993,0.010859028817196
pth_sem,Seahorse_Valley,4096,1,15.375746031,0.09040938666228
pth_sem,Seahorse_Valley,4096,2,8.960229308,0.028099279109888
pth_sem,Seahorse_Valley,4096,4,4.749211082,0.009308453720720002
pth_sem,Seahorse_Valley,4096,8,2.95131311,0.028344411108439996
pth_sem,Seahorse_Valley,4096,16,2.182588192,0.067162603844224
pth_sem,Seahorse_Valley,4096,32,2.08382232,0.012252875241599999
pth_sem,Seahorse_Valley,8192,1,60.998520363,0.011955709991147999
pth_sem,Seahorse_Valley,8192,2,35.670675526,0.048940166821672
pth_sem,Seahorse_Valley,8192,4,18.903561238,0.014820392010592001
pth_sem,Seahorse_Valley,8192,8,11.736068625,0.156418322634
pth_sem,Seahorse_Valley,8192,16,8.488502446,0.21295954936524802
pth_sem,Seahorse_Valley,8192,32,8.229309908,0.025807115871488
pth_sem,Elephant_Valley,16,1,0.000698052,1.6555001232e-5
pth_sem,Elephant_Valley,16,2,0.000603735,1.526483574e-5
pth_sem,Elephant_Valley,16,4,0.00055427,1.4014162680000001e-5
pth_sem,Elephant_Valley,16,8,0.000607465,2.2026680899999997e-5
pth_sem,Elephant_Valley,16,16,0.000792795,2.2842009539999998e-5
pth_sem,Elephant_Valley,16,32,0.001141775,7.18359159e-5
pth_sem,Elephant_Valley,32,1,0.001443633,3.7349672976000004e-5
pth_sem,Elephant_Valley,32,2,0.001173645,0.0001058158332
pth_sem,Elephant_Valley,32,4,0.000783353,1.9959834440000004e-5
pth_sem,Elephant_Valley,32,8,0.000723855,2.6530733460000002e-5
pth_sem,Elephant_Valley,32,16,0.001600068,5.801846568e-5
pth_sem,Elephant_Valley,32,32,0.001209423,2.7971535144e-5
pth_sem,Elephant_Valley,64,1,0.004262051,8.9383733572e-5
pth_sem,Elephant_Valley,64,2,0.002875387,1.9161578968000002e-5
pth_sem,Elephant_Valley,64,4,0.001689326,1.2582100048e-5
pth_sem,Elephant_Valley,64,8,0.001297487,3.2805661308e-5
pth_sem,Elephant_Valley,64,16,0.001364474,0.00011125375206400001
pth_sem,Elephant_Valley,64,32,0.001344101,4.267789495200001e-5
pth_sem,Elephant_Valley,128,1,0.015314241,2.1011138652000003e-5
pth_sem,Elephant_Valley,128,2,0.010148212,1.1934297312e-5
pth_sem,Elephant_Valley,128,4,0.005329732,1.566941208e-5
pth_sem,Elephant_Valley,128,8,0.00362287,6.177717924e-5
pth_sem,Elephant_Valley,128,16,0.003479516,0.000258472366544
pth_sem,Elephant_Valley,128,32,0.003159098,0.000128790107264
pth_sem,Elephant_Valley,256,1,0.059645491,0.000140286194832
pth_sem,Elephant_Valley,256,2,0.039635638,0.00081570143004
pth_sem,Elephant_Valley,256,4,0.019705288,6.565801961600001e-5
pth_sem,Elephant_Valley,256,8,0.01607545,0.006487472903800001
pth_sem,Elephant_Valley,256,16,0.010547001,0.000456853895316
pth_sem,Elephant_Valley,256,32,0.009113922,0.000182205528624
pth_sem,Elephant_Valley,512,1,0.236778133,0.003944723695779999
pth_sem,Elephant_Valley,512,2,0.15445939,0.00214945687124
pth_sem,Elephant_Valley,512,4,0.077310751,0.0007424924526039998
pth_sem,Elephant_Valley,512,8,0.047337118,0.001141203240744
pth_sem,Elephant_Valley,512,16,0.036569848,0.001369028829728
pth_sem,Elephant_Valley,512,32,0.033679314,0.0008185420474560002
pth_sem,Elephant_Valley,1024,1,0.932001834,0.006210860221776
pth_sem,Elephant_Valley,1024,2,0.611302689,0.005631320371068
pth_sem,Elephant_Valley,1024,4,0.310414854,0.005232352779024
pth_sem,Elephant_Valley,1024,8,0.181431072,0.005547436457472
pth_sem,Elephant_Valley,1024,16,0.13363065,0.0034572921768
pth_sem,Elephant_Valley,1024,32,0.117168132,0.0010563878781120002
pth_sem,Elephant_Valley,2048,1,3.692395077,0.04993595102134799
pth_sem,Elephant_Valley,2048,2,2.440025681,0.041129072878935996
pth_sem,Elephant_Valley,2048,4,1.23912854,0.02040101228256
pth_sem,Elephant_Valley,2048,8,0.682305362,0.019257386537088
pth_sem,Elephant_Valley,2048,16,0.504425017,0.010974270669852
pth_sem,Elephant_Valley,2048,32,0.499633128,0.007638391260863999
pth_sem,Elephant_Valley,4096,1,14.609170589,0.10594570511142798
pth_sem,Elephant_Valley,4096,2,9.536719527,0.020561167300212003
pth_sem,Elephant_Valley,4096,4,4.845483497,0.010446862419531999
pth_sem,Elephant_Valley,4096,8,2.665747535,0.07105816629296001
pth_sem,Elephant_Valley,4096,16,2.115392652,0.026535485426688
pth_sem,Elephant_Valley,4096,32,1.966379555,0.01194772217618
pth_sem,Elephant_Valley,8192,1,57.609880108,0.033874609503503995
pth_sem,Elephant_Valley,8192,2,37.956138633,0.007439403172068
pth_sem,Elephant_Valley,8192,4,19.324453108,0.015150371236672
pth_sem,Elephant_Valley,8192,8,11.010453212,0.246017566568928
pth_sem,Elephant_Valley,8192,16,8.227507152,0.05966588186630399
pth_sem,Elephant_Valley,8192,32,7.772247144,0.021327046163136
pth_sem,Triple_Spiral_Valley,16,1,0.000759275,1.7262876399999998e-5
pth_sem,Triple_Spiral_Valley,16,2,0.000633621,2.4465374052e-5
pth_sem,Triple_Spiral_Valley,16,4,0.001362781,0.001576454158552
pth_sem,Triple_Spiral_Valley,16,8,0.000613327,1.6709480787999997e-5
pth_sem,Triple_Spiral_Valley,16,16,0.000824966,2.8296333799999995e-5
pth_sem,Triple_Spiral_Valley,16,32,0.001094026,2.3372771463999998e-5
pth_sem,Triple_Spiral_Valley,32,1,0.001584459,1.7080468020000002e-5
pth_sem,Triple_Spiral_Valley,32,2,0.001078362,1.9656382536e-5
pth_sem,Triple_Spiral_Valley,32,4,0.000806326,2.7024822216e-5
pth_sem,Triple_Spiral_Valley,32,8,0.00079941,5.7033107040000006e-5
pth_sem,Triple_Spiral_Valley,32,16,0.000861608,2.2460397344000007e-5
pth_sem,Triple_Spiral_Valley,32,32,0.001233307,4.1577245584e-5
pth_sem,Triple_Spiral_Valley,64,1,0.004999933,0.00012641830597199998
pth_sem,Triple_Spiral_Valley,64,2,0.002840464,1.4475004544e-5
pth_sem,Triple_Spiral_Valley,64,4,0.00166806,1.209677112e-5
pth_sem,Triple_Spiral_Valley,64,8,0.001580704,0.0001006908448
pth_sem,Triple_Spiral_Valley,64,16,0.001450441,7.3345900488e-5
pth_sem,Triple_Spiral_Valley,64,32,0.001445692,5.4404281343999994e-5
pth_sem,Triple_Spiral_Valley,128,1,0.018563204,0.000392945902272
pth_sem,Triple_Spiral_Valley,128,2,0.010312481,0.0002526557845
pth_sem,Triple_Spiral_Valley,128,4,0.005271738,1.4465649072000001e-5
pth_sem,Triple_Spiral_Valley,128,8,0.003995434,0.000277219192656
pth_sem,Triple_Spiral_Valley,128,16,0.003912064,0.000157953496064
pth_sem,Triple_Spiral_Valley,128,32,0.003454858,0.00018553969403200003
pth_sem,Triple_Spiral_Valley,256,1,0.07181478,0.00019705975632
pth_sem,Triple_Spiral_Valley,256,2,0.038555506,0.000120910066816
pth_sem,Triple_Spiral_Valley,256,4,0.019653125,5.0076162500000014e-5
pth_sem,Triple_Spiral_Valley,256,8,0.013669014,8.305292906400001e-5
pth_sem,Triple_Spiral_Valley,256,16,0.012093044,0.000267836738512
pth_sem,Triple_Spiral_Valley,256,32,0.01038046,0.00019938787567999998
pth_sem,Triple_Spiral_Valley,512,1,0.287381107,0.005970629879032
pth_sem,Triple_Spiral_Valley,512,2,0.154097875,0.0028693024325
pth_sem,Triple_Spiral_Valley,512,4,0.079899707,0.002255089330368
pth_sem,Triple_Spiral_Valley,512,8,0.053592736,0.0026575565927679993
pth_sem,Triple_Spiral_Valley,512,16,0.039817056,0.000616527295104
pth_sem,Triple_Spiral_Valley,512,32,0.039042138,0.0005739194286
pth_sem,Triple_Spiral_Valley,1024,1,1.124992804,0.006173960508352
pth_sem,Triple_Spiral_Valley,1024,2,0.607919893,0.004885244260148
pth_sem,Triple_Spiral_Valley,1024,4,0.307969562,0.004346066458944
pth_sem,Triple_Spiral_Valley,1024,8,0.203341199,0.002152163250216
pth_sem,Triple_Spiral_Valley,1024,16,0.158425378,0.004906117105904001
pth_sem,Triple_Spiral_Valley,1024,32,0.139522039,0.0010665064661159998
pth_sem,Triple_Spiral_Valley,2048,1,4.411657621,0.019023067661751998
pth_sem,Triple_Spiral_Valley,2048,2,2.387712618,0.009827825135688
pth_sem,Triple_Spiral_Valley,2048,4,1.247217046,0.019067454199248
pth_sem,Triple_Spiral_Valley,2048,8,0.785779161,0.005082419613348
pth_sem,Triple_Spiral_Valley,2048,16,0.599483602,0.006932428373527999
pth_sem,Triple_Spiral_Valley,2048,32,0.591632038,0.00521819457516
pth_sem,Triple_Spiral_Valley,4096,1,17.439386942,0.01709059920316
pth_sem,Triple_Spiral_Valley,4096,2,9.470736661,0.025987701397784006
pth_sem,Triple_Spiral_Valley,4096,4,4.819857091,0.012280995867868
pth_sem,Triple_Spiral_Valley,4096,8,3.134448788,0.019659262798336
pth_sem,Triple_Spiral_Valley,4096,16,2.489162973,0.033663440046852
pth_sem,Triple_Spiral_Valley,4096,32,2.350774098,0.0050682689552880005
pth_sem,Triple_Spiral_Valley,8192,1,69.534754674,0.013628811916104001
pth_sem,Triple_Spiral_Valley,8192,2,37.591204028,0.07367875989488001
pth_sem,Triple_Spiral_Valley,8192,4,19.261665423,0.030202291383264
pth_sem,Triple_Spiral_Valley,8192,8,12.653811842,0.06944411938889601
pth_sem,Triple_Spiral_Valley,8192,16,9.712736436,0.13135504756046398
pth_sem,Triple_Spiral_Valley,8192,32,9.355471592,0.022004069184384002
